id,member_id,loan_amnt,funded_amnt,funded_amnt_inv,term,int_rate,installment,grade,sub_grade,emp_title,emp_length,home_ownership,annual_inc,verification_status,issue_d,loan_status,pymnt_plan,url,desc,purpose,title,zip_code,addr_state,dti,delinq_2yrs,earliest_cr_line,inq_last_6mths,mths_since_last_delinq,mths_since_last_record,open_acc,pub_rec,revol_bal,revol_util,total_acc,initial_list_status,out_prncp,out_prncp_inv,total_pymnt,total_pymnt_inv,total_rec_prncp,total_rec_int,total_rec_late_fee,recoveries,collection_recovery_fee,last_pymnt_d,last_pymnt_amnt,next_pymnt_d,last_credit_pull_d,collections_12_mths_ex_med,mths_since_last_major_derog,policy_code,application_type,annual_inc_joint,dti_joint,verification_status_joint,acc_now_delinq,tot_coll_amt,tot_cur_bal,open_acc_6m,open_act_il,open_il_12m,open_il_24m,mths_since_rcnt_il,total_bal_il,il_util,open_rv_12m,open_rv_24m,max_bal_bc,all_util,total_rev_hi_lim,inq_fi,total_cu_tl,inq_last_12m,acc_open_past_24mths,avg_cur_bal,bc_open_to_buy,bc_util,chargeoff_within_12_mths,delinq_amnt,mo_sin_old_il_acct,mo_sin_old_rev_tl_op,mo_sin_rcnt_rev_tl_op,mo_sin_rcnt_tl,mort_acc,mths_since_recent_bc,mths_since_recent_bc_dlq,mths_since_recent_inq,mths_since_recent_revol_delinq,num_accts_ever_120_pd,num_actv_bc_tl,num_actv_rev_tl,num_bc_sats,num_bc_tl,num_il_tl,num_op_rev_tl,num_rev_accts,num_rev_tl_bal_gt_0,num_sats,num_tl_120dpd_2m,num_tl_30dpd,num_tl_90g_dpd_24m,num_tl_op_past_12m,pct_tl_nvr_dlq,percent_bc_gt_75,pub_rec_bankruptcies,tax_liens,tot_hi_cred_lim,total_bal_ex_mort,total_bc_limit,total_il_high_credit_limit
,,15000,15000,15000, 60 months,12.39%,336.64,C,C1,MANAGEMENT,10+ years,RENT,78000,Source Verified,Dec-14,Fully Paid,n,,,debt_consolidation,Debt consolidation,235xx,VA,12.03,0,Aug-94,0,,,6,0,138008,29%,17,w,0,0,17392.37,17392.37,15000,2392.37,0,0,0,Jun-16,12017.81,,Sep-21,0,,1,Individual,,,,0,0,149140,,,,,,,,,,,,184500,,,,5,29828,9525,4.7,0,0,103,244,1,1,0,47,,,,0,1,4,1,2,8,5,9,4,6,0,0,0,4,100,0,0,0,196500,149140,10000,12000
,,10400,10400,10400, 36 months,6.99%,321.08,A,A3,Truck Driver Delivery Personel,8 years,MORTGAGE,58000,Not Verified,Dec-14,Charged Off,n,,,credit_card,Credit card refinancing,937xx,CA,14.92,0,Sep-89,2,42,,17,0,6133,31.60%,36,w,0,0,6611.69,6611.69,5217.75,872.67,0,521.27,93.8286,Aug-16,321.08,,Feb-17,0,59,1,Individual,,,,0,0,162110,,,,,,,,,,,,19400,,,,7,9536,7599,41.5,0,0,76,290,1,1,1,5,42,1,42,4,6,9,7,18,2,14,32,9,17,0,0,0,4,83.3,14.3,0,0,179407,15030,13000,11325
,,7650,7650,7650, 36 months,13.66%,260.2,C,C3,Technical Specialist,< 1 year,RENT,50000,Source Verified,Dec-14,Charged Off,n,,,debt_consolidation,Debt consolidation,850xx,AZ,34.81,0,Aug-02,1,,,11,0,16822,91.90%,20,f,0,0,2281.98,2281.98,704.38,339.61,0,1237.99,222.8382,Aug-15,17.7,,Nov-21,0,,1,Individual,,,,0,0,64426,,,,,,,,,,,,18300,,,,6,5857,332,93.2,0,0,137,148,8,8,0,17,,3,,0,1,4,1,4,12,4,8,4,11,0,0,0,2,100,100,0,0,82331,64426,4900,64031
,,12800,12800,12800, 60 months,17.14%,319.08,D,D4,Senior Sales Professional,10+ years,MORTGAGE,125000,Verified,Dec-14,Fully Paid,n,,,car,Car financing,953xx,CA,8.31,1,Oct-00,0,17,,8,0,5753,100.90%,13,w,0,0,19165.35192,19165.35,12800,6365.35,0,0,0,Sep-19,1576.08,,Oct-21,0,36,1,Individual,,,,0,0,261815,,,,,,,,,,,,5700,,,,2,32727,0,103.2,0,0,16,170,21,16,5,21,17,1,17,1,3,5,3,5,1,5,7,5,8,0,0,0,0,76.9,100,0,0,368700,18007,4400,18000
,,21425,21425,21425, 60 months,15.59%,516.36,D,D1,Programming Analysis Supervisor,6 years,RENT,63800,Source Verified,Dec-14,Fully Paid,n,,,credit_card,Credit card refinancing,658xx,MO,18.49,0,Aug-03,0,60,,10,0,16374,76.20%,35,w,0,0,25512.2,25512.2,21425,4087.2,0,0,0,May-16,17813.19,,Apr-18,0,74,1,Individual,,,,0,0,42315,,,,,,,,,,,,21500,,,,4,4232,324,97.8,0,0,135,136,7,7,0,7,60,7,60,1,3,4,3,12,16,5,18,4,10,0,0,0,2,91.4,100,0,0,57073,42315,15000,35573
,,9600,9600,9600, 36 months,13.66%,326.53,C,C3,Admin Specialist,10+ years,RENT,69000,Source Verified,Dec-14,Fully Paid,n,,,debt_consolidation,Debt consolidation,077xx,NJ,25.81,0,Nov-92,0,,,12,0,16388,59.40%,44,f,0,0,9973.43,9973.43,9600,373.43,0,0,0,Apr-15,9338.58,,Dec-20,0,,1,Individual,,,,0,0,38566,,,,,,,,,,,,27600,,,,8,3214,6494,69.2,0,0,183,265,23,3,0,24,,17,,0,4,7,5,16,17,8,26,7,12,0,0,0,3,100,60,0,0,52490,38566,21100,24890
,,12975,12975,12975, 36 months,17.86%,468.17,D,D5,Sales,10+ years,RENT,60000,Source Verified,Dec-14,Charged Off,n,,,house,Home buying,331xx,FL,22.42,0,Jan-99,0,48,,11,0,5200,33.10%,19,f,0,0,5746.89,5746.89,2628.14,1603.2,0,1515.55,272.799,Mar-16,50,,Jun-21,0,,1,Individual,,,,0,900,17281,,,,,,,,,,,,15700,,,,7,1571,2604,52.7,0,0,191,122,2,2,0,6,,1,,0,3,8,3,6,6,9,13,8,11,0,0,0,4,89.5,0,0,0,42943,17281,5500,27243
,,16000,16000,16000, 60 months,11.44%,351.4,B,B4,Foreign Service Officer,6 years,OWN,109777,Verified,Dec-14,Fully Paid,n,,,debt_consolidation,Debt consolidation,201xx,VA,11.63,1,Nov-03,0,12,,7,0,7253,60.40%,14,w,0,0,18586.72,18586.72,16000,2586.72,0,0,0,Sep-16,4935.54,,Oct-16,0,,1,Individual,,,,0,0,373743,,,,,,,,,,,,12000,,,,3,53392,2559,72.2,0,0,121,133,17,17,2,80,33,17,33,0,2,3,3,6,2,5,10,3,7,0,0,0,0,71.4,66.7,0,0,428032,34475,9200,33000
,,5250,5250,5250, 36 months,11.44%,172.98,B,B4,Store Manager,2 years,RENT,26000,Not Verified,Dec-14,Fully Paid,n,,,debt_consolidation,Debt consolidation,208xx,MD,14.36,0,May-09,0,,,8,0,4448,20.20%,13,f,0,0,5431.68,5431.68,5250,181.68,0,0,0,May-15,43.4,,Apr-15,0,,1,Individual,,,,0,0,10133,,,,,,,,,,,,22000,,,,4,1267,12152,26.8,0,0,33,67,12,6,0,16,,,,0,2,2,3,4,3,6,9,2,8,0,0,0,2,100,0,0,0,29971,10133,16600,6000
,,2500,2500,2500, 36 months,11.99%,83.03,B,B5,Manufacturing Engineer,< 1 year,MORTGAGE,89000,Source Verified,Dec-14,Fully Paid,n,,,home_improvement,Home improvement,554xx,MN,13.77,0,Oct-01,1,55,,9,0,22908,94.30%,32,f,0,0,2622.22,2622.22,2500,122.22,0,0,0,Jun-15,2294.26,,Jul-21,0,,1,Individual,,,,0,0,397223,,,,,,,,,,,,24300,,,,6,44136,1333,86.4,0,0,158,148,24,6,5,24,,2,,0,3,4,3,6,17,4,10,4,9,0,0,0,1,96.8,66.7,0,0,415290,61606,9800,47946
,,17000,17000,17000, 36 months,13.66%,578.22,C,C3,Deputy sheriff,10+ years,MORTGAGE,75000,Verified,Dec-14,Fully Paid,n,,,debt_consolidation,Debt consolidation,144xx,NY,23.63,0,Jan-01,0,46,,7,0,5063,46.40%,31,f,0,0,19562.31,19562.31,17000,2562.31,0,0,0,May-16,10888.01,,Dec-21,0,51,1,Individual,,,,0,0,122193,,,,,,,,,,,,10900,,,,2,17456,71,98.2,0,0,93,167,21,10,2,27,46,,46,2,1,3,1,7,4,4,25,3,7,0,0,0,1,87.1,100,0,0,147270,36205,4000,41370
,,23325,23325,23325, 36 months,14.31%,800.71,C,C4,Teacher,10+ years,RENT,72000,Source Verified,Dec-14,Charged Off,n,,,credit_card,Credit card refinancing,982xx,WA,27.03,1,Oct-98,0,1,,14,0,32372,82.20%,23,f,0,0,13907.79,13907.79,7301.23,3061.64,0,3544.92,638.0856,Feb-16,800.71,,Oct-16,0,,1,Individual,,,,0,0,393558,,,,,,,,,,,,39400,,,,6,39356,3977,89,0,0,132,194,15,12,6,23,,16,1,0,3,5,7,9,4,10,13,5,14,0,0,0,1,95.7,66.7,0,0,443889,79490,36000,78126
,,21075,21075,21075, 60 months,21.99%,581.95,E,E5,Paralegal,10+ years,MORTGAGE,55000,Source Verified,Dec-14,Fully Paid,n,,,debt_consolidation,Debt consolidation,606xx,IL,29.5,0,Nov-87,0,26,,14,0,15955,88.60%,21,f,0,0,34852.49564,34852.5,21075,13777.5,0,0,0,Dec-19,581.82,,Jan-20,0,,1,Individual,,,,0,0,262274,,,,,,,,,,,,18000,,,,0,20175,1468,91,0,0,160,205,30,30,1,30,26,10,26,2,3,4,3,6,7,5,11,4,14,0,0,0,0,76.2,100,0,0,300308,62443,16300,55441
,,10000,10000,10000, 36 months,11.99%,332.1,B,B5,Investment Consultant,8 years,RENT,90000,Verified,Dec-14,Charged Off,n,,,debt_consolidation,Debt consolidation,483xx,MI,8.44,0,Jul-03,1,,,5,0,23723,98%,10,f,0,0,6957.45,6957.45,5395.29,1562.16,0,0,0,Oct-16,332.1,,Aug-17,0,,1,Individual,,,,0,0,23723,,,,,,,,,,,,24200,,,,0,4745,324,98.5,0,0,137,124,40,31,0,42,,3,,0,4,5,4,6,2,5,8,5,5,0,0,0,0,100,100,0,0,24200,23723,21200,0
,,3000,3000,3000, 36 months,10.49%,97.5,B,B3,Respiratory Therapist,9 years,RENT,60000,Not Verified,Dec-14,Fully Paid,n,,,medical,Medical expenses,926xx,CA,9.54,0,Jun-95,0,77,,7,0,4936,42.60%,18,f,0,0,3453.260603,3453.26,3000,453.26,0,0,0,Feb-17,1117.63,,Sep-21,0,,1,Individual,,,,0,0,22809,,,,,,,,,,,,11600,,,,2,3258,552,85.8,0,0,234,138,27,3,0,27,77,,77,0,2,3,2,6,6,5,12,3,7,0,0,0,1,77.8,100,0,0,30454,22809,3900,18854
,,2000,2000,2000, 36 months,14.99%,69.33,C,C5,practice plan associate,8 years,RENT,32200,Not Verified,Dec-14,Fully Paid,n,,,credit_card,Credit card refinancing,112xx,NY,22.14,0,Sep-96,0,,95,10,1,9544,62.40%,21,f,0,0,2101.52,2101.52,2000,101.52,0,0,0,May-15,1897.69,,Oct-19,0,,1,Individual,,,,0,0,20539,,,,,,,,,,,,15300,,,,6,2054,3636,72.2,0,0,27,219,8,4,0,8,,14,,0,5,6,6,10,4,8,17,6,10,0,0,0,4,100,83.3,1,0,27300,20539,13100,12000
,,2000,2000,2000, 36 months,15.99%,70.31,D,D2,Student Services Coordinator,7 years,RENT,37000,Not Verified,Dec-14,Fully Paid,n,,,other,Other,852xx,AZ,16.19,2,Dec-93,1,5,,9,0,4533,20.10%,22,f,0,0,2375.95,2375.95,2000,375.95,0,0,0,Jun-16,1255.43,,Jun-16,0,,1,Individual,,,,0,0,19342,,,,,,,,,,,,22500,,,,6,2149,390,90.2,0,0,136,252,3,3,0,3,9,3,5,0,1,2,1,6,7,8,15,2,9,0,0,0,3,90.9,100,0,0,43137,19342,4000,20637
,,6000,6000,6000, 36 months,10.49%,194.99,B,B3,Assistant manager,10+ years,MORTGAGE,120000,Not Verified,Dec-14,Fully Paid,n,,,home_improvement,Home improvement,403xx,KY,6.87,3,Jul-89,0,9,,11,0,49626,82.60%,48,f,0,0,6839.302523,6839.3,6000,839.3,0,0,0,Apr-17,578.3,,Apr-21,0,,1,Individual,,,,0,0,361379,,,,,,,,,,,,60100,,,,5,40153,1092,95.4,0,0,129,305,15,14,5,15,12,2,12,0,4,8,4,9,25,10,18,8,11,0,0,0,0,93.6,100,0,0,376700,49626,23600,0
,,18000,18000,18000, 36 months,11.99%,597.78,B,B5,Education Advising Manager,8 years,OWN,70000,Not Verified,Dec-14,Fully Paid,n,,,debt_consolidation,Debt consolidation,333xx,FL,9.11,0,Jun-01,0,57,,6,0,16644,52.30%,13,f,0,0,21420.64432,21420.64,18000,3420.64,0,0,0,Nov-17,1273.88,,Nov-17,0,,1,Individual,,,,0,0,111500,,,,,,,,,,,,31800,,,,2,18583,15156,52.3,0,0,,162,8,8,3,8,,13,57,0,4,4,4,6,0,4,9,4,6,0,0,0,1,92.3,25,0,0,143527,23192,31800,0
,,28000,28000,28000, 60 months,10.49%,601.7,B,B3,Humana Cares Manager,2 years,MORTGAGE,67000,Source Verified,Dec-14,Fully Paid,n,,,debt_consolidation,Debt consolidation,336xx,FL,16.13,0,Aug-94,1,35,,15,0,14684,35.20%,39,w,0,0,30628.65,30628.65,28000,2628.65,0,0,0,Dec-15,24652.44,,Oct-17,0,,1,Individual,,,,0,0,239362,,,,,,,,,,,,41700,,,,5,21760,17016,46.3,0,0,181,244,1,1,2,1,,1,,0,4,4,8,12,6,12,31,4,15,0,0,0,1,97.4,14.3,0,0,283223,33666,31700,28532
,,15000,15000,15000, 60 months,20.99%,405.72,E,E4,Appraiser,3 years,MORTGAGE,48000,Source Verified,Dec-14,Fully Paid,n,,,other,Other,770xx,TX,17.53,0,Nov-05,0,,,8,0,12486,57.50%,13,f,0,0,23833.61388,23833.61,15000,8833.61,0,0,0,Oct-19,251.3,,Jul-20,0,,1,Individual,,,,0,0,118238,,,,,,,,,,,,21700,,,,7,14780,7602,25.5,0,0,44,109,12,3,1,20,,15,,0,3,5,3,6,4,5,8,5,8,0,0,0,2,100,66.7,0,0,144726,21212,10200,14857
,,7200,7200,7200, 36 months,12.39%,240.49,C,C1,Director of Operations,5 years,MORTGAGE,84000,Source Verified,Dec-14,Fully Paid,n,,,debt_consolidation,Debt consolidation,760xx,TX,18.79,0,Jun-06,1,,,11,0,5105,18.80%,17,f,0,0,8645.094132,8645.09,7200,1445.09,0,0,0,Jan-18,240.33,,Jul-21,0,,1,Individual,,,,0,3948,157993,,,,,,,,,,,,27200,,,,6,15799,15435,22,0,0,76,102,10,5,1,10,,5,,0,1,2,5,5,8,7,8,2,11,0,0,0,3,100,25,0,0,196536,64952,19800,67220
,,18450,18450,18450, 36 months,14.31%,633.36,C,C4,construction foreman,10+ years,MORTGAGE,108000,Not Verified,Dec-14,Charged Off,n,,,home_improvement,Home improvement,810xx,CO,23.37,0,Mar-03,3,,,11,0,5925,87%,20,f,0,0,9387.62,9387.62,5481.7,2084.22,0,1821.7,327.906,Feb-16,633.36,,Oct-16,0,43,1,Individual,,,,0,0,237795,,,,,,,,,,,,6800,,,,8,23779,1267,93,0,0,141,100,12,6,2,17,57,5,57,1,3,6,3,5,8,6,9,5,10,,0,0,3,85,66.7,0,0,256151,113801,3800,119491
,,13550,13550,13550, 60 months,19.99%,358.92,E,E3,nurse,5 years,OWN,40000,Source Verified,Dec-14,Fully Paid,n,,,debt_consolidation,Debt consolidation,304xx,GA,16.23,0,Jul-07,0,,,8,0,2492,51.90%,20,f,0,0,21497.24785,21497.25,13550,7947.25,0,0,0,Dec-19,358.59,,Nov-19,0,,1,Individual,,,,0,0,18480,,,,,,,,,,,,4800,,,,4,2310,29,98.6,0,0,89,52,1,1,0,49,,,,0,1,4,1,3,14,4,6,4,8,0,0,0,4,100,100,0,0,26813,18480,2100,22013
,,14000,14000,14000, 36 months,10.49%,454.97,B,B3,first grade teacher,10+ years,OWN,42000,Source Verified,Dec-14,Fully Paid,n,,,credit_card,Credit card refinancing,754xx,TX,35.68,0,Nov-99,0,,,13,0,23135,50.70%,21,f,0,0,16358.44413,16358.44,14000,2358.44,0,0,0,Jan-18,454.89,,Dec-17,0,,1,Individual,,,,0,0,49685,,,,,,,,,,,,45600,,,,3,3822,9800,66.1,0,0,79,181,13,13,0,35,,18,,0,6,8,6,9,4,11,16,8,13,0,0,0,0,100,50,0,0,87904,49685,28900,42304
,,1000,1000,1000, 36 months,12.39%,33.41,C,C1,Attorney,3 years,OWN,60000,Source Verified,Dec-14,Fully Paid,n,,,other,Other,567xx,MN,18.38,0,Jan-02,1,,,17,0,9566,55%,29,f,0,0,1139.77,1139.77,1000,139.77,0,0,0,Jul-16,347.83,,Jul-16,0,,1,Individual,,,,0,0,296389,,,,,,,,,,,,17400,,,,4,21171,112,98,0,0,131,155,5,5,1,102,,5,,0,1,5,1,3,15,8,13,5,17,0,0,0,3,100,100,0,0,323433,151547,5500,154033
,,5000,5000,5000, 36 months,10.49%,162.49,B,B3,Teacher,4 years,MORTGAGE,52000,Source Verified,Dec-14,Charged Off,n,,,debt_consolidation,Debt consolidation,853xx,AZ,14.35,0,Jul-01,2,,69,9,1,466,8.80%,39,f,0,0,4903.83,4903.83,3156.58,744.25,0,1003,180.54,Jan-17,162.49,,Aug-18,0,,1,Individual,,,,0,841,103332,,,,,,,,,,,,5300,,,,5,11481,,,0,0,137,161,1,1,4,,,4,,0,0,2,0,4,14,4,20,2,9,0,0,0,2,100,,1,0,118035,103332,0,112735
,,2000,2000,2000, 36 months,12.99%,67.38,C,C2,,n/a,RENT,21312,Verified,Dec-14,Fully Paid,n,,,medical,Medical expenses,463xx,IN,5.46,0,Nov-98,1,,,14,0,744,1.90%,20,w,0,0,2059.85,2059.85,2000,59.85,0,0,0,Apr-15,1928.7,,Jan-17,0,,1,Individual,,,,0,944,744,,,,,,,,,,,,39600,,,,3,57,31122,1.8,0,0,39,150,18,18,1,27,,0,,0,3,4,10,12,2,14,17,4,14,0,0,0,0,100,0,0,0,39600,744,31700,0
,,2000,2000,2000, 36 months,14.31%,68.66,C,C4,Sales Rep,2 years,RENT,52000,Not Verified,Dec-14,Fully Paid,n,,,other,Other,329xx,FL,5.98,0,Feb-10,1,,,3,0,2227,74.20%,8,f,0,0,2465.422148,2465.42,2000,465.42,0,0,0,Oct-17,123.62,,Nov-17,0,,1,Individual,,,,0,0,3943,,,,,,,,,,,,3000,,,,3,1314,346,65.4,0,0,55,58,3,3,0,18,,6,,0,1,2,1,1,5,2,3,2,3,0,0,0,1,100,0,0,0,6900,3943,1000,3900
,,4000,4000,4000, 36 months,15.99%,140.61,D,D2,Accounting clerk,9 years,RENT,50000,Not Verified,Dec-14,Fully Paid,n,,,debt_consolidation,Debt consolidation,114xx,NY,33.99,0,Mar-02,1,49,,12,0,5697,65.50%,23,f,0,0,4972.664795,4972.66,4000,957.66,15,0,0,Feb-17,1606.9,,Dec-21,0,49,1,Individual,,,,0,0,36589,,,,,,,,,,,,8700,,,,7,3049,321,93,0,0,92,153,12,6,0,33,49,3,49,1,3,5,3,5,12,8,10,5,12,0,0,0,3,91.3,100,0,0,62433,36589,4600,48555
,,6000,6000,6000, 36 months,14.99%,207.97,C,C5,office manager,1 year,RENT,20000,Not Verified,Dec-14,Fully Paid,n,,,debt_consolidation,Debt consolidation,960xx,CA,14.99,0,Aug-02,1,59,,11,0,6941,67.40%,25,f,0,0,6849.32,6849.32,6000,849.32,0,0,0,Mar-16,2658.2,,Feb-16,0,59,1,Individual,,,,0,0,6941,,,,,,,,,,,,10300,,,,6,992,452,92.5,0,0,108,148,4,4,0,4,,4,59,1,5,6,6,8,2,11,23,6,11,0,0,0,2,96,100,0,0,10300,6941,6000,0
,,10800,10800,10800, 36 months,9.49%,345.91,B,B2,Asset Protection,8 years,MORTGAGE,42000,Verified,Dec-14,Fully Paid,n,,,debt_consolidation,Debt consolidation,467xx,IN,18.89,0,Apr-07,1,,,19,0,10213,77.40%,30,f,0,0,12379.60622,12379.61,10800,1579.61,0,0,0,Jun-17,2708.37,,Jun-17,0,,1,Individual,,,,0,0,125993,,,,,,,,,,,,13200,,,,10,6631,1049,89.2,0,0,92,90,30,1,3,30,,0,,0,4,6,4,4,18,7,9,6,19,0,0,0,6,100,75,0,0,133940,57771,9700,47457
,,1000,1000,1000, 36 months,11.99%,33.21,B,B5,machinist,10+ years,MORTGAGE,45000,Not Verified,Dec-14,Fully Paid,n,,,other,Other,452xx,OH,29.55,0,Jan-98,1,,,14,0,43582,51.30%,22,f,0,0,1194.539921,1194.54,1000,194.54,0,0,0,Jan-18,33.19,,Dec-17,0,,1,Individual,,,,0,0,97410,,,,,,,,,,,,85000,,,,4,6958,22878,58.4,0,0,152,203,3,3,3,6,,6,,0,6,11,6,9,4,11,15,11,14,0,0,0,3,100,50,0,0,164361,51350,55000,14861
,,32800,32800,32800, 60 months,12.39%,736.1,C,C1,"Manager, Information Technology",10+ years,OWN,133995,Verified,Dec-14,Fully Paid,n,,,credit_card,Credit card refinancing,600xx,IL,9.21,0,Jul-89,1,,,10,0,28439,70.70%,30,w,0,0,44144.39564,44144.4,32800,11344.4,0,0,0,Feb-20,0.38,,Oct-21,0,,1,Individual,,,,0,400,217506,,,,,,,,,,,,40200,,,,2,24167,6489,79,0,0,139,305,23,23,6,23,,0,,0,5,8,5,7,6,9,18,8,10,0,0,0,0,100,40,0,0,236000,28439,30900,0
,,11000,11000,11000, 36 months,12.99%,370.59,C,C2,E-6/Technical Sergeant,10+ years,MORTGAGE,60000,Not Verified,Dec-14,Fully Paid,n,,,debt_consolidation,Debt consolidation,395xx,MS,34.1,2,Sep-00,0,1,,11,0,9704,51.90%,24,f,0,0,13332.72929,13332.73,11000,2332.73,0,0,0,Feb-18,2.35,,Aug-18,0,1,1,Individual,,,,1,0,253854,,,,,,,,,,,,18700,,,,3,25385,8471,51,1,0,171,126,18,12,2,18,1,22,1,1,1,2,2,5,15,4,7,2,11,0,0,1,1,87.5,50,0,0,320015,45933,17300,80336
,,5000,5000,5000, 36 months,12.99%,168.45,C,C2,engineer,10+ years,RENT,95000,Source Verified,Dec-14,Fully Paid,n,,,house,Home buying,130xx,NY,20.21,0,Mar-99,0,35,,7,0,12083,92.90%,24,f,0,0,6041.234901,6041.23,5000,1041.23,0,0,0,Sep-17,824.69,,Oct-21,0,,1,Individual,,,,0,0,46563,,,,,,,,,,,,13000,,,,2,6652,914,92.7,0,0,133,189,51,1,1,74,35,,35,0,3,4,3,8,12,4,11,4,7,0,0,0,2,95.8,100,0,0,59173,46563,12500,46173
,,10000,10000,10000, 36 months,14.99%,346.61,C,C5,Financial Institution Specialist,5 years,MORTGAGE,75000,Verified,Dec-14,Fully Paid,n,,,credit_card,Credit card refinancing,402xx,KY,19.33,0,Oct-93,4,,,14,0,27644,88%,59,f,0,0,11434,11434,10000,1434,0,0,0,Feb-16,7287.17,,Nov-20,0,,1,Individual,,,,0,0,255284,,,,,,,,,,,,31400,,,,5,18235,1906,92.8,0,0,152,254,3,3,3,3,,1,,0,6,8,7,10,37,10,18,8,14,0,0,0,5,100,85.7,0,0,266634,163130,26400,136117
,,5000,5000,5000, 36 months,13.66%,170.07,C,C3,Accouting Manager,10+ years,RENT,54797,Source Verified,Dec-14,Fully Paid,n,,,moving,Moving and relocation,925xx,CA,11.05,0,Mar-04,0,30,70,7,1,3605,48.10%,22,f,0,0,6119.05039,6119.05,5000,1119.05,0,0,0,Jan-18,169.8,,Dec-17,0,30,1,Individual,,,,0,0,3605,,,,,,,,,,,,7500,,,,6,515,2169,52.8,0,0,118,129,10,9,3,10,69,9,69,6,3,5,3,6,6,7,13,5,7,0,0,0,2,76.2,33.3,0,0,7500,3605,4600,0
,,6825,6825,6825, 36 months,15.99%,239.92,D,D2,Graduate Teaching Assistant,1 year,RENT,19000,Not Verified,Dec-14,Fully Paid,n,,,debt_consolidation,Debt consolidation,328xx,FL,26.06,0,Mar-11,0,,,7,0,5514,26.30%,9,f,0,0,6881.32,6881.32,6825,56.32,0,0,0,Jan-15,6890.41,,Jun-16,0,,1,Individual,,,,0,0,15894,,,,,,,,,,,,21000,,,,3,2271,13074,27.4,0,0,4,45,9,4,0,9,,4,,0,2,3,4,5,1,6,8,3,7,0,0,0,2,100,0,0,0,41128,15894,18000,20128
,,8750,8750,8750, 36 months,21.99%,334.13,E,E5,Weather forecaster,8 years,MORTGAGE,81200,Verified,Dec-14,Fully Paid,n,,,moving,Moving and relocation,967xx,HI,29.38,0,Oct-01,2,,,12,0,31362,75.90%,37,f,0,0,11248.68955,11248.69,8750,2498.69,0,0,0,Mar-17,852.79,,Aug-18,0,,1,Individual,,,,0,0,625455,,,,,,,,,,,,41300,,,,10,52121,4190,87.7,0,0,132,158,3,2,5,5,,3,,0,4,6,5,12,12,8,20,6,12,0,0,0,8,100,80,0,0,659564,90287,34000,61464
,,14000,14000,14000, 60 months,9.49%,293.96,B,B2,Associate Director Flight Operations,10+ years,OWN,157000,Not Verified,Dec-14,Fully Paid,n,,,debt_consolidation,Debt consolidation,770xx,TX,21.73,0,Jan-81,0,,,8,0,49513,59.80%,11,w,0,0,16766.43363,16766.43,14000,2766.43,0,0,0,Oct-17,2370.78,,Sep-17,0,,1,Individual,,,,0,0,101094,,,,,,,,,,,,82800,,,,2,12637,31116,58.1,0,0,142,300,22,12,1,48,,,,0,3,5,3,3,3,5,6,5,8,0,0,0,1,100,33.3,0,0,167981,101094,74300,76085
,,24000,24000,24000, 60 months,13.66%,554.22,C,C3,Accountant,8 years,RENT,60000,Source Verified,Dec-14,Fully Paid,n,,,debt_consolidation,Debt consolidation,117xx,NY,33.62,0,Dec-95,2,,,27,0,21396,53%,59,w,0,0,31703.72064,31703.72,24000,7703.72,0,0,0,Feb-18,11224.46,,Feb-18,0,,1,Individual,,,,0,0,86634,,,,,,,,,,,,40400,,,,7,3209,6422,68.4,0,0,178,228,3,3,0,3,,0,,0,7,10,10,15,29,18,30,10,27,0,0,0,4,100,60,0,0,114353,86634,20300,73953
,,15000,15000,15000, 36 months,10.49%,487.47,B,B3,Fleet Tech III,10+ years,MORTGAGE,84000,Not Verified,Dec-14,Fully Paid,n,,,credit_card,Credit card refinancing,363xx,AL,19.73,0,Mar-03,2,,96,10,1,4590,69.50%,77,f,0,0,17156.8,17156.8,15000,2156.8,0,0,0,Nov-16,6933.04,,Nov-21,0,,1,Individual,,,,0,0,80333,,,,,,,,,,,,6600,,,,12,8926,,,0,0,125,127,14,1,1,,,1,,0,0,2,0,9,59,4,17,2,10,0,0,0,5,100,,1,0,119505,46198,0,47305
,,27525,27525,27525, 60 months,22.99%,775.79,F,F1,relationship manager,5 years,RENT,60000,Verified,Dec-14,Fully Paid,n,,,debt_consolidation,Debt consolidation,333xx,FL,31.14,0,Apr-87,1,,,17,0,8936,13.40%,37,f,0,0,27607.62,27607.62,27525,82.62,0,0,0,Jan-15,27660.35,,Feb-17,0,,1,Individual,,,,0,0,59623,,,,,,,,,,,,66500,,,,10,3726,40256,18,0,0,123,332,2,1,0,2,,1,,0,4,6,8,21,9,14,28,6,17,0,0,0,8,100,0,0,0,120365,59623,49100,53865
,,15000,15000,15000, 60 months,11.99%,333.6,B,B5,Pilot,3 years,RENT,40000,Source Verified,Dec-14,Fully Paid,n,,,debt_consolidation,Debt consolidation,853xx,AZ,24.36,0,Oct-03,0,,,7,0,10017,89.40%,11,w,0,0,19920.09992,19920.1,15000,4920.1,0,0,0,Jul-19,1521.23,,Jul-19,0,,1,Individual,,,,0,0,81956,,,,,,,,,,,,11200,,,,0,11708,683,93.6,0,0,120,134,58,50,0,111,,17,,0,2,2,2,4,6,3,5,2,7,0,0,0,0,100,100,0,0,92501,81956,10700,81301
,,10975,10975,10975, 60 months,14.99%,261.04,C,C5,"Exec Budget Coord, Acad",10+ years,OWN,60400,Source Verified,Dec-14,Charged Off,n,,,debt_consolidation,Debt consolidation,368xx,AL,33.66,0,Mar-82,0,,,22,0,52253,61.50%,45,f,0,0,5559.92,5559.92,2484.42,2191.45,0,884.05,159.129,Jul-16,261.04,,Feb-17,0,,1,Individual,,,,0,0,311262,,,,,,,,,,,,86100,,,,3,16382,11767,81.4,0,0,116,393,12,12,4,15,,3,,0,8,14,10,18,3,20,38,14,22,0,0,0,1,100,60,0,0,364865,58511,45800,20168
,,11175,11175,11175, 36 months,19.99%,415.25,E,E3,Cash Mgmt Clerk,7 years,RENT,31240,Verified,Dec-14,Fully Paid,n,,,debt_consolidation,Debt consolidation,704xx,LA,15.02,0,Dec-06,0,,,9,0,11046,37.10%,23,f,0,0,14930.19009,14930.19,11175,3755.19,0,0,0,Jan-18,415.06,,Sep-20,0,,1,Individual,,,,0,0,14539,,,,,,,,,,,,29800,,,,8,1615,14906,37.1,0,0,96,42,6,1,0,6,,,,0,3,5,5,5,14,8,9,5,9,0,0,0,5,100,20,0,0,33335,14539,23700,3535
,,21000,21000,21000, 60 months,8.19%,427.72,A,A5,Milk Lab Manager,6 years,MORTGAGE,48500,Source Verified,Dec-14,Fully Paid,n,,,debt_consolidation,Debt consolidation,881xx,NM,12.99,0,Aug-96,0,,,8,0,8549,19.90%,16,w,0,0,24597.4439,24597.44,21000,3597.44,0,0,0,Sep-17,11362.01,,Sep-17,0,,1,Individual,,,,0,0,62365,,,,,,,,,,,,42900,,,,2,7796,34351,19.9,0,0,128,220,36,17,3,36,,17,,0,4,4,5,6,7,5,6,4,8,0,0,0,0,100,0,0,0,109450,15117,42900,15050
,,14000,14000,14000, 36 months,16.49%,495.6,D,D3,Customerservice,9 years,RENT,45000,Source Verified,Dec-14,Charged Off,n,,,credit_card,Credit card refinancing,331xx,FL,13.47,0,Aug-08,1,,,20,0,10585,39.90%,22,f,0,0,2955.08,2955.08,303.22,173.14,0,2478.72,446.1696,Feb-15,495.6,,Aug-21,0,,1,Individual,,,,0,0,15659,,,,,,,,,,,,26500,,,,14,783,8970,48.4,0,0,7,76,1,1,0,1,,4,,0,4,7,9,9,1,19,21,7,20,0,0,0,3,100,44.4,0,0,32225,15659,17400,5725
,,2400,2400,2400, 36 months,14.31%,82.39,C,C4,Sgt,7 years,OWN,35000,Source Verified,Dec-14,Fully Paid,n,,,other,Other,283xx,NC,24.45,1,May-07,0,19,47,8,1,7467,46.10%,15,f,0,0,2418.13,2418.13,2400,18.13,0,0,0,Jan-15,2420.99,,Jun-21,0,,1,Individual,,,,0,351,18342,,,,,,,,,,,,16200,,,,1,2293,1074,73.1,0,0,51,91,6,6,0,6,,3,19,0,2,5,3,3,4,7,11,5,8,0,0,0,1,80,66.7,0,1,35172,18342,4000,18972
,,18000,18000,18000, 36 months,11.44%,593.06,B,B4,Industrial Worker,2 years,OWN,45000,Not Verified,Dec-14,Fully Paid,n,,,credit_card,Credit card refinancing,196xx,PA,8.54,0,Aug-06,0,28,,18,0,10399,82.50%,26,f,0,0,18707.1,18707.1,18000,707.1,0,0,0,May-15,16945.08,,Jul-21,0,,1,Individual,,,,0,0,69669,,,,,,,,,,,,12600,,,,6,3871,741,91.3,0,0,86,100,15,11,0,15,28,19,28,0,2,3,2,2,21,4,5,3,18,0,0,0,1,96.2,100,0,0,66350,69669,8500,53750
,,6000,6000,6000, 36 months,11.99%,199.26,B,B5,International Adviser,2 years,RENT,42000,Not Verified,Dec-14,Fully Paid,n,,,debt_consolidation,Debt consolidation,787xx,TX,11.03,0,Aug-04,2,26,,17,0,12056,50.70%,25,f,0,0,6673.91,6673.91,6000,673.91,0,0,0,Jan-16,4312.25,,Apr-21,0,,1,Individual,,,,0,0,94814,,,,,,,,,,,,23800,,,,1,5577,10144,54.3,0,0,124,117,5,5,0,41,29,2,26,0,2,2,4,9,12,6,13,2,17,0,0,0,1,92,25,0,0,105705,94814,22200,81905
,,3000,3000,3000, 36 months,8.19%,94.28,A,A5,operator,10+ years,MORTGAGE,85000,Not Verified,Dec-14,Fully Paid,n,,,debt_consolidation,Debt consolidation,670xx,KS,11.97,0,Jul-02,0,63,,5,0,11873,79.20%,19,f,0,0,3071.13,3071.13,3000,71.13,0,0,0,Apr-15,2884.62,,Nov-20,0,63,1,Individual,,,,0,0,128450,,,,,,,,,,,,15000,,,,2,32113,3127,79.2,0,0,128,145,43,7,3,109,63,7,63,1,1,1,1,6,6,2,10,1,5,0,0,0,1,94.7,100,0,0,149476,36611,15000,28856
,,2400,2400,2400, 36 months,8.19%,75.42,A,A5,Technologist,5 years,RENT,42500,Source Verified,Dec-14,Fully Paid,n,,,debt_consolidation,Debt consolidation,232xx,VA,33.21,0,Dec-88,0,,,10,0,19059,46%,41,w,0,0,2515.72,2515.72,2400,115.72,0,0,0,Aug-15,2064.84,,Nov-21,0,,1,Individual,,,,0,0,66967,,,,,,,,,,,,41400,,,,5,6697,13248,55.8,0,0,312,271,5,5,0,48,,13,,0,2,4,2,6,25,6,16,4,10,0,0,0,3,100,0,0,0,104165,66967,30000,62765
,,4500,4500,4500, 36 months,14.99%,155.98,C,C5,Nanny,4 years,OWN,34000,Not Verified,Dec-14,Charged Off,n,,,major_purchase,Major purchase,210xx,MD,28.77,0,Feb-97,1,25,54,18,1,12506,45%,51,f,0,0,1818.47,1818.47,1055.67,524.49,30,208.31,37.4958,Mar-16,55.98,,Feb-19,0,25,1,Individual,,,,0,5098,24481,,,,,,,,,,,,27800,,,,6,1440,890,90.1,0,0,167,214,8,3,0,8,63,3,63,8,2,7,2,20,4,17,45,7,18,0,0,0,2,82,100,0,0,40239,24481,9000,12439
,,8000,8000,8000, 36 months,12.39%,267.21,C,C1,Owner,8 years,RENT,70000,Source Verified,Dec-14,Fully Paid,n,,,debt_consolidation,Debt consolidation,064xx,CT,11.91,0,Jul-07,0,,,6,0,10709,99.20%,10,w,0,0,9617.18625,9617.19,8000,1617.19,0,0,0,Nov-17,519.85,,Mar-21,0,,1,Individual,,,,0,0,355328,,,,,,,,,,,,10800,,,,3,59221,91,99.2,0,0,88,89,14,14,1,14,,15,,0,3,3,3,3,6,3,3,3,6,0,0,0,0,100,100,0,0,371960,32747,10800,28301
,,1500,1500,1500, 36 months,14.31%,51.5,C,C4,Export Analyst,10+ years,RENT,53800,Not Verified,Dec-14,Fully Paid,n,,,debt_consolidation,Debt consolidation,303xx,GA,15.93,0,Oct-07,0,,,4,0,3981,94.80%,6,f,0,0,1851.878824,1851.88,1500,351.88,0,0,0,Jan-18,51.17,,Dec-17,0,,1,Individual,,,,0,0,23372,,,,,,,,,,,,4200,,,,3,5843,219,94.8,0,0,86,26,4,4,0,4,,,,0,2,2,2,2,4,2,2,2,4,0,0,0,2,100,100,0,0,29118,23372,4200,24918
,,4200,4200,4200, 36 months,6.99%,129.67,A,A3,administrative assistant,10+ years,MORTGAGE,55000,Not Verified,Dec-14,Fully Paid,n,,,debt_consolidation,Debt consolidation,560xx,MN,21.3,0,Mar-02,0,,,12,0,5268,33.10%,18,f,0,0,4588.910001,4588.91,4200,388.91,0,0,0,Nov-16,1868.29,,Nov-19,0,,1,Individual,,,,0,0,59352,,,,,,,,,,,,15900,,,,3,4946,1222,49.1,0,0,50,153,18,6,1,36,,18,,0,1,6,2,2,5,8,12,6,12,0,0,0,1,100,50,0,0,113062,37031,2400,47162
,,10000,10000,10000, 36 months,10.49%,324.98,B,B3,911 Director,10+ years,MORTGAGE,117000,Source Verified,Dec-14,Fully Paid,n,,,debt_consolidation,Debt consolidation,439xx,OH,25.65,0,Nov-84,0,46,,11,0,3735,60.20%,36,f,0,0,11690.42567,11690.43,10000,1690.43,0,0,0,Jan-18,324.87,,Jun-21,0,,1,Individual,,,,0,670,399159,,,,,,,,,,,,6200,,,,7,36287,2465,60.2,0,0,166,361,11,11,3,11,46,0,46,0,5,5,5,5,26,5,7,5,11,0,0,0,2,97.1,20,0,0,448754,94543,6200,126554
,,12000,12000,12000, 36 months,12.99%,404.27,C,C2,Business Manager,10+ years,RENT,82000,Not Verified,Dec-14,Fully Paid,n,,,debt_consolidation,Debt consolidation,130xx,NY,15.1,0,Mar-04,1,,111,12,1,7797,65.50%,25,f,0,0,14178.97507,14178.98,12000,2178.98,0,0,0,Dec-16,5298.03,,Apr-21,0,,1,Individual,,,,0,0,37313,,,,,,,,,,,,11900,,,,4,3392,2353,76.7,0,0,122,129,1,1,0,1,,5,,0,4,5,5,8,13,8,12,5,12,0,0,0,3,100,80,1,0,46416,37313,10100,34516
,,16000,16000,16000, 60 months,17.14%,398.85,D,D4,Senior Care Coordinator,1 year,RENT,40000,Not Verified,Dec-14,Fully Paid,n,,,debt_consolidation,Debt consolidation,327xx,FL,25.96,0,Sep-02,0,26,,9,0,14411,94.20%,27,w,0,0,22882.24375,22882.24,16000,6882.24,0,0,0,Sep-18,129.54,,Nov-20,0,26,1,Individual,,,,0,0,312679,,,,,,,,,,,,15300,,,,2,39085,589,96.1,0,0,147,130,6,6,0,6,,22,35,1,4,4,5,5,18,6,8,4,9,0,0,0,1,92.6,100,0,0,340090,312679,15000,324790
,,17600,17600,17600, 60 months,9.49%,369.55,B,B2,High Pressure Plant Tender,< 1 year,MORTGAGE,65000,Not Verified,Dec-14,Fully Paid,n,,,credit_card,Credit card refinancing,077xx,NJ,15.36,0,Sep-81,0,,,10,0,22901,35%,24,w,0,0,20010.02,20010.02,17600,2410.02,0,0,0,Sep-16,13002.49,,Jan-18,0,,1,Individual,,,,0,0,221998,,,,,,,,,,,,65400,,,,1,22200,27119,45.5,0,0,164,399,32,20,4,134,,22,,0,3,6,4,7,3,8,17,6,10,0,0,0,0,100,25,0,0,290819,23740,49800,10919
,,5000,5000,5000, 36 months,14.99%,173.31,C,C5,HEAD TELLER,4 years,RENT,32000,Source Verified,Dec-14,Fully Paid,n,,,debt_consolidation,Debt consolidation,076xx,NJ,38.86,0,Oct-10,1,,,17,0,9797,94.20%,20,f,0,0,5233.27,5233.27,5000,233.27,0,0,0,Apr-15,4892.9,,Dec-17,0,,1,Individual,,,,0,0,53901,,,,,,,,,,,,10400,,,,5,3171,403,95.4,0,0,50,47,15,14,0,15,,1,,0,3,4,3,3,14,4,6,4,17,0,0,0,0,100,100,0,0,71715,53901,8800,61315
,,8000,8000,8000, 36 months,10.49%,259.99,B,B3,Senior Logistics Analyst,3 years,MORTGAGE,94000,Not Verified,Dec-14,Fully Paid,n,,,debt_consolidation,Debt consolidation,358xx,AL,22.33,0,Mar-95,2,,,24,0,32776,43.90%,58,f,0,0,8525.76,8525.76,8000,525.76,0,0,0,Sep-15,6712.82,,Aug-21,0,,1,Individual,,,,0,0,256696,,,,,,,,,,,,74700,,,,11,11668,12118,68.3,0,0,154,237,2,2,6,12,,2,,0,5,8,8,15,18,17,34,8,24,0,0,0,4,100,50,0,0,323167,79549,38200,63467
,,28000,28000,28000, 60 months,15.59%,674.83,D,D1,Department Chair Undergraduate Marketing,3 years,OWN,90000,Source Verified,Dec-14,Fully Paid,n,,,debt_consolidation,Debt consolidation,060xx,CT,14.67,0,Dec-95,0,,,25,0,11156,66.40%,49,w,0,0,40452.60662,40452.61,28000,12452.61,0,0,0,Dec-19,674.02,,Oct-21,0,,1,Individual,,,,0,0,420006,,,,,,,,,,,,16800,,,,3,16800,5644,66.4,0,0,228,115,5,5,5,5,,12,,0,9,9,11,16,27,11,17,9,25,0,0,0,2,100,36.4,0,0,425911,237880,16800,219511
,,12000,12000,12000, 60 months,17.86%,303.81,D,D5,Nurse,4 years,RENT,60000,Source Verified,Dec-14,Fully Paid,n,,,debt_consolidation,Debt consolidation,841xx,UT,28.78,0,Jun-04,0,,,12,0,13846,41.10%,15,w,0,0,12523.86,12523.86,12000,523.86,0,0,0,Apr-15,11934.1,,Sep-19,0,,1,Individual,,,,0,0,47115,,,,,,,,,,,,33700,,,,5,4283,11458,48.6,0,0,115,126,4,4,0,4,,9,,0,2,5,4,4,4,9,10,5,12,0,0,0,3,100,25,0,0,75735,47115,22300,40742
,,24000,24000,24000, 36 months,11.44%,790.74,B,B4,RN,10+ years,MORTGAGE,80000,Source Verified,Dec-14,Fully Paid,n,,,credit_card,Credit card refinancing,324xx,FL,26.2,0,Jun-96,1,41,,22,0,44074,61.60%,44,f,0,0,27344.62434,27344.62,24000,3344.62,0,0,0,Apr-17,1382.75,,Apr-18,0,,1,Individual,,,,0,0,58232,,,,,,,,,,,,71500,,,,7,3065,18202,61,0,0,170,222,1,1,2,21,,1,42,0,4,11,6,7,10,20,32,11,22,0,0,0,2,93,16.7,0,0,89212,58232,46700,17712
,,9000,9000,9000, 36 months,16.49%,318.6,D,D3,Psych Therapyst ,1 year,RENT,32000,Not Verified,Dec-14,Fully Paid,n,,,debt_consolidation,Debt consolidation,631xx,MO,23.78,0,Sep-02,2,,,8,0,7112,68.80%,15,f,0,0,11635.32836,11635.33,9000,2635.33,0,0,0,May-18,285.61,,Sep-19,0,,1,Individual,,,,0,0,59675,,,,,,,,,,,,12000,,,,4,7459,2768,91.1,0,0,123,147,4,4,0,4,,4,,0,3,5,3,6,5,5,10,5,8,0,0,0,2,100,33.3,0,0,68526,59675,7000,56526
,,5675,5675,5675, 36 months,12.39%,189.56,C,C1,Community Manager,2 years,RENT,50000,Source Verified,Dec-14,Fully Paid,n,,,car,Car financing,802xx,CO,15.55,1,Mar-92,0,12,,7,0,2916,15%,15,f,0,0,6705.035447,6705.04,5675,1030.04,0,0,0,Feb-17,2161.46,,Feb-17,0,,1,Individual,,,,0,259,18002,,,,,,,,,,,,19500,,,,3,3000,12984,18.3,0,0,36,273,20,6,0,40,,,12,0,2,2,3,3,2,5,13,2,7,0,0,0,1,86.7,50,0,0,41440,18002,15900,21940
,,9600,9600,9600, 36 months,7.49%,298.58,A,A4,Store Manager,7 years,MORTGAGE,42000,Source Verified,Dec-14,Fully Paid,n,,,debt_consolidation,Debt consolidation,629xx,IL,11.51,0,Oct-00,1,,82,10,1,11564,30.90%,22,w,0,0,10666.70519,10666.71,9600,1066.71,0,0,0,Apr-17,2909.62,,May-21,0,,1,Individual,,,,0,0,91133,,,,,,,,,,,,37400,,,,5,9113,7209,55.5,0,0,170,78,3,3,2,17,,2,,0,2,4,2,2,13,7,7,4,10,0,0,0,3,100,0,1,0,121783,23595,16200,14507
,,3625,3625,3625, 36 months,16.49%,128.33,D,D3,Financial Advisor,< 1 year,MORTGAGE,75000,Not Verified,Dec-14,Fully Paid,n,,,debt_consolidation,Debt consolidation,273xx,NC,17.71,0,Jan-03,0,,,6,0,1059,81.50%,12,f,0,0,3835.45,3835.45,3625,210.45,0,0,0,May-15,3455.44,,May-20,0,,1,Individual,,,,0,0,51161,,,,,,,,,,,,1300,,,,3,8527,241,69.9,0,0,122,143,86,3,2,93,,,,0,2,3,2,2,7,3,3,3,6,0,0,0,3,100,50,0,0,59801,51161,800,58501
,,20975,20975,20975, 60 months,12.39%,470.73,C,C1,dispatch supv,10+ years,MORTGAGE,46800,Verified,Dec-14,Fully Paid,n,,,home_improvement,Home improvement,728xx,AR,20.79,0,Mar-77,2,30,,4,0,2110,33%,50,w,0,0,28221.44335,28221.44,20975,7246.44,0,0,0,Dec-19,470.03,,Oct-21,0,,1,Individual,,,,0,0,50550,,,,,,,,,,,,6450,,,,0,12637,5400,32,0,0,137,453,58,9,4,63,,2,28,0,1,2,9,9,28,2,18,2,4,,0,0,0,96,0,0,0,69585,50550,5400,63135
,,20000,20000,20000, 60 months,14.31%,468.59,C,C4,Risk Management Program Coordinator,< 1 year,MORTGAGE,84000,Source Verified,Dec-14,Fully Paid,n,,,debt_consolidation,Debt consolidation,277xx,NC,12.83,0,Aug-00,1,,,15,0,14761,37.90%,19,w,0,0,28017.74182,28017.74,20000,8017.74,0,0,0,Dec-19,94.78,,Nov-19,0,,1,Individual,,,,0,0,209346,,,,,,,,,,,,38900,,,,9,13956,4156,76.1,0,0,81,101,3,3,3,3,,3,,0,3,6,5,6,3,12,13,6,15,0,0,0,3,100,20,0,0,249717,29430,17400,23374
,,20000,20000,20000, 36 months,11.99%,664.2,B,B5,Teacher/Admin,10+ years,MORTGAGE,100000,Source Verified,Dec-14,Fully Paid,n,,,credit_card,Credit card refinancing,300xx,GA,24.7,0,Aug-89,0,33,,5,0,7698,90.60%,26,f,0,0,22292.87,22292.87,20000,2292.87,0,0,0,Feb-16,14342.45,,Oct-21,0,,1,Individual,,,,0,0,296631,,,,,,,,,,,,10000,,,,1,59326,802,90.6,0,0,161,304,11,11,2,11,38,13,38,0,1,1,1,10,10,2,14,1,5,0,0,0,1,80,100,0,0,331800,127627,8500,129708
,,4600,4600,4600, 36 months,10.49%,149.49,B,B3,Production Assistant,6 years,RENT,40000,Not Verified,Dec-14,Fully Paid,n,,,debt_consolidation,Debt consolidation,900xx,CA,29.33,0,Feb-94,1,26,46,13,1,7568,56.50%,22,f,0,0,5330.770107,5330.77,4600,730.77,0,0,0,Apr-17,1448.05,,Aug-20,0,58,1,Individual,,,,0,6449,25659,,,,,,,,,,,,13400,,,,5,1974,3255,52.8,0,0,224,172,6,6,0,6,26,6,26,3,3,7,3,9,3,9,17,7,13,0,0,0,3,85.7,33.3,0,0,38015,25659,6900,17020
,,21000,21000,21000, 36 months,8.67%,664.58,B,B1,Senior Software Engineer,10+ years,OWN,120000,Verified,Dec-14,Fully Paid,n,,,debt_consolidation,Debt consolidation,958xx,CA,19.21,0,Sep-96,1,40,,5,0,6131,94.30%,14,f,0,0,23747.83319,23747.83,21000,2747.83,0,0,0,Apr-17,6467.75,,Apr-21,0,40,1,Individual,,,,0,0,428849,,,,,,,,,,,,6500,,,,3,85770,369,94.3,0,0,219,163,49,3,2,49,,3,61,3,1,1,1,3,8,1,4,1,5,0,0,0,3,76.9,100,0,0,447456,38929,6500,49956
,,5000,5000,5000, 36 months,12.39%,167.01,C,C1,Truck Driver,2 years,MORTGAGE,65000,Verified,Dec-14,Charged Off,n,,,home_improvement,Home improvement,300xx,GA,11.39,0,Feb-02,1,33,,10,0,3432,22.10%,15,f,0,0,3888.96,3888.96,2832.6,836.46,0,219.9,39.582,Nov-16,167.01,,Apr-17,0,,1,Individual,,,,0,237,18590,,,,,,,,,,,,15500,,,,9,1859,3401,42.4,0,0,43,47,4,4,0,8,,0,,0,4,5,4,8,1,8,13,5,10,0,0,0,5,93.3,0,0,0,33549,18590,5900,18049
,,18700,18700,18700, 36 months,10.49%,607.71,B,B3,DC1,10+ years,RENT,80000,Source Verified,Dec-14,Fully Paid,n,,,debt_consolidation,Debt consolidation,077xx,NJ,15.97,0,Mar-04,0,41,,7,0,7441,57.20%,21,f,0,0,20591.47,20591.47,18700,1891.47,0,0,0,Feb-16,13315.3,,Sep-20,0,41,1,Individual,,,,0,0,24069,,,,,,,,,,,,13000,,,,4,4012,5559,57.2,0,0,129,129,9,9,0,9,,9,,1,2,2,3,9,10,4,11,2,7,0,0,0,2,100,66.7,0,0,53930,24069,13000,40930
,,24000,24000,24000, 60 months,19.24%,625.75,E,E2,Logistics Team Lead,2 years,OWN,55000,Source Verified,Dec-14,Fully Paid,n,,,home_improvement,Home improvement,337xx,FL,7.42,0,Dec-09,2,,,8,0,73,0.50%,19,f,0,0,28599.04,28599.04,24000,4599.04,0,0,0,Jan-16,21754.27,,Dec-17,0,,1,Individual,,,,0,0,60388,,,,,,,,,,,,14500,,,,5,7549,8827,0.8,0,0,58,60,15,3,0,15,,3,,0,1,1,4,4,13,6,6,1,8,0,0,0,2,100,0,0,0,75148,60388,8900,60648
,,5000,5000,5000, 36 months,12.39%,167.01,C,C1,LVN,4 years,MORTGAGE,45000,Verified,Dec-14,Fully Paid,n,,,debt_consolidation,Debt consolidation,750xx,TX,22.42,0,Jan-03,0,,63,11,1,6450,35.40%,21,f,0,0,5911.768187,5911.77,5000,911.77,0,0,0,Feb-17,1908.69,,Aug-21,0,,1,Individual,,,,0,0,81180,,,,,,,,,,,,18200,,,,7,7380,3895,48.7,0,0,125,136,12,9,5,16,,3,,0,3,8,3,5,2,9,14,8,11,0,0,0,5,100,33.3,1,0,97573,38641,7600,34573
,,2800,2800,2800, 36 months,9.49%,89.68,B,B2,Cybersecuriity specialst,2 years,MORTGAGE,109000,Source Verified,Dec-14,Fully Paid,n,,,home_improvement,Home improvement,234xx,VA,24.69,0,Oct-98,0,,,15,0,107861,85%,40,f,0,0,3005.2,3005.2,2800,205.2,0,0,0,Nov-15,2200.29,,Dec-21,0,,1,Individual,,,,0,0,629294,,,,,,,,,,,,112400,,,,6,41953,145,96.5,0,0,150,194,19,8,8,36,,13,,0,4,9,4,8,15,9,17,9,14,0,0,0,2,100,100,0,0,691092,154379,7500,61692
,,8000,8000,8000, 36 months,12.39%,267.21,C,C1,Technical Support Associate,1 year,RENT,50000,Source Verified,Dec-14,Fully Paid,n,,,debt_consolidation,Debt consolidation,951xx,CA,15.45,0,Aug-10,0,,,12,0,7463,56.10%,14,f,0,0,9289.18,9289.18,8000,1289.18,0,0,0,Sep-16,4220.45,,Oct-17,0,,1,Individual,,,,0,0,23411,,,,,,,,,,,,13300,,,,6,2128,2007,78.4,0,0,50,52,3,3,0,3,,1,,0,4,5,4,5,4,8,10,5,12,0,0,0,2,100,50,0,0,33736,23411,9300,20436
,,16375,16375,16375, 36 months,18.54%,596.45,E,E1,rn,10+ years,MORTGAGE,75000,Source Verified,Dec-14,Fully Paid,n,,,debt_consolidation,Debt consolidation,750xx,TX,24.4,0,Dec-86,1,41,110,13,1,6239,26.40%,24,f,0,0,19300.78,19300.78,16375,2925.78,0,0,0,Feb-16,12168.68,,Mar-21,0,,1,Individual,,,,0,79,54923,,,,,,,,,,,,23600,,,,8,4577,64,98.2,0,0,160,336,4,2,0,13,,4,41,0,2,6,3,5,10,9,14,6,13,0,0,0,4,95.8,100,1,0,82452,54923,3500,58852
,,28000,28000,28000, 36 months,14.99%,970.5,C,C5,Application Software Developer,3 years,MORTGAGE,95000,Verified,Dec-14,Fully Paid,n,,,debt_consolidation,Debt consolidation,442xx,OH,21.12,0,Dec-99,4,,,31,0,25763,33.70%,42,f,0,0,33754.03,33754.03,28000,5754.03,0,0,0,Nov-16,13375.1,,Sep-21,0,,1,Individual,,,,0,0,184802,,,,,,,,,,,,76500,,,,11,5961,30112,43.1,0,0,180,116,3,3,2,4,,4,,0,10,17,13,14,15,23,25,17,31,0,0,0,8,100,7.7,0,0,253928,61216,52900,48082
,,6000,6000,6000, 36 months,12.39%,200.41,C,C1,Bus Friver,4 years,MORTGAGE,26000,Not Verified,Dec-14,Fully Paid,n,,,debt_consolidation,Debt consolidation,481xx,MI,28.81,2,Nov-98,0,14,,12,0,30251,90.80%,24,f,0,0,7208.357885,7208.36,6000,1208.36,0,0,0,Jan-18,200.21,,Feb-18,0,19,1,Individual,,,,0,0,218152,,,,,,,,,,,,33300,,,,1,21815,888,83.6,0,0,99,193,30,9,2,71,47,18,30,5,1,4,1,8,4,8,18,4,12,0,0,1,1,62.5,100,0,0,269654,48959,5400,34354
,,35000,35000,35000, 36 months,17.86%,1262.88,D,D5,Consultant,7 years,RENT,78800,Verified,Dec-14,Fully Paid,n,,,debt_consolidation,Debt consolidation,223xx,VA,10.94,0,Apr-03,0,,,10,0,23260,65.60%,24,f,0,0,44485.88312,44485.88,35000,9422.74,63.14000004,0,0,Feb-17,14011.14,,Feb-17,0,,1,Individual,,,,0,0,31564,,,,,,,,,,,,31800,,,,4,3946,1240,92.9,0,0,122,140,12,12,0,12,,13,,0,4,4,4,7,9,8,14,4,10,0,0,0,1,100,100,0,0,44300,31564,24500,12500
,,10375,10375,10375, 36 months,13.66%,352.89,C,C3,Dept. Manager,10+ years,RENT,29000,Source Verified,Dec-14,Fully Paid,n,,,debt_consolidation,Debt consolidation,347xx,FL,35.64,0,Jun-01,1,,,11,0,11343,47.30%,18,f,0,0,10686.91,10686.91,10375,311.91,0,0,0,Mar-15,10345.83,,Mar-15,0,,1,Individual,,,,0,110,26790,,,,,,,,,,,,24000,,,,2,2679,5290,65,0,0,162,117,0,0,0,51,,0,,0,5,7,5,7,5,10,13,7,11,0,0,0,1,100,0,0,0,49622,26790,15100,25622
,,21000,21000,21000, 36 months,12.99%,707.48,C,C2,Customer Service Manager,3 years,MORTGAGE,75000,Verified,Dec-14,Fully Paid,n,,,credit_card,Credit card refinancing,863xx,AZ,5.68,0,Apr-00,3,42,,8,0,57270,39.20%,28,f,0,0,25446.19343,25446.19,21000,4446.19,0,0,0,Jan-18,707.12,,Jan-21,0,42,1,Individual,,,,0,0,174363,,,,,,,,,,,,71400,,,,2,24909,12402,40.4,0,0,176,134,1,1,6,1,65,1,65,2,3,4,4,10,6,7,16,4,8,0,0,0,1,84,25,0,0,211400,57270,20800,0
,,26000,26000,26000, 36 months,12.99%,875.92,C,C2,Dir. of Community Standards,2 years,RENT,68000,Source Verified,Dec-14,Fully Paid,n,,,debt_consolidation,Debt consolidation,023xx,MA,27.29,0,Dec-01,0,49,,14,0,25030,93.70%,32,f,0,0,31504.87176,31504.87,26000,5504.87,0,0,0,Jan-18,875.81,,Apr-21,0,49,1,Individual,,,,0,0,97659,,,,,,,,,,,,26700,,,,3,7512,3489,84.2,0,0,156,131,7,7,0,9,49,9,49,0,3,5,5,6,16,8,15,5,14,0,0,0,2,96.8,60,0,0,106975,97659,22100,80275
,,6700,6700,6700, 36 months,14.31%,230.01,C,C4,Teacher,2 years,RENT,21000,Not Verified,Dec-14,Fully Paid,n,,,credit_card,Credit card refinancing,112xx,NY,19.94,0,Apr-06,0,,,5,0,10064,64.90%,6,f,0,0,7945.420001,7945.42,6700,1245.42,0,0,0,Sep-16,3583.22,,Feb-18,0,,1,Individual,,,,0,0,10064,,,,,,,,,,,,15500,,,,3,2013,5330,59,0,0,,104,20,20,0,20,,15,,0,4,5,4,5,0,5,6,5,5,0,0,0,0,100,75,0,0,15500,10064,13000,0
,,18000,18000,18000, 36 months,11.44%,593.06,B,B4,director,3 years,MORTGAGE,109000,Not Verified,Dec-14,Fully Paid,n,,,debt_consolidation,Debt consolidation,117xx,NY,22.07,1,Dec-84,0,1,,15,0,40579,59.90%,51,f,0,0,21332.76965,21332.77,18000,3332.77,0,0,0,Jan-18,592.83,,Oct-18,0,1,1,Individual,,,,1,0,456332,,,,,,,,,,,,67800,,,,5,32595,11682,66.5,1,0,140,360,8,8,6,8,43,8,1,4,4,9,5,19,5,12,40,9,15,1,0,1,1,92.2,40,0,0,515992,60608,34900,28192
,,21000,21000,21000, 60 months,16.49%,516.17,D,D3,manager,10+ years,MORTGAGE,140000,Verified,Dec-14,Fully Paid,n,,,credit_card,Debt consolidation,015xx,MA,29.47,0,Jul-90,0,,,17,0,54662,79.50%,32,f,0,0,30903.9452,30903.95,21000,9878.14,25.81000001,0,0,Nov-19,425.29,,Apr-21,0,,1,Individual,,,,0,0,503157,,,,,,,,,,,,68800,,,,7,29597,6672,80.8,0,0,125,293,6,6,3,6,,12,,0,5,9,5,11,9,12,20,9,17,0,0,0,4,100,40,0,0,597458,104289,34800,63758
,,19200,19200,19200, 60 months,20.99%,519.32,E,E4,buyer,6 years,MORTGAGE,55000,Source Verified,Dec-14,Fully Paid,n,,,debt_consolidation,Debt consolidation,356xx,AL,20.72,0,Sep-01,0,,,7,0,4722,49.70%,20,f,0,0,28544.03523,28544.04,19200,9344.04,0,0,0,Nov-17,11440.06,,Sep-21,0,,1,Individual,,,,0,0,168779,,,,,,,,,,,,9500,,,,4,24111,4437,1.4,0,0,159,116,38,7,1,38,,,,0,1,2,2,3,10,3,8,2,7,0,0,0,4,100,0,0,0,194439,34778,4500,34600
,,13000,13000,13000, 36 months,11.44%,428.32,B,B4,Mechanic,3 years,MORTGAGE,48000,Not Verified,Dec-14,Fully Paid,n,,,debt_consolidation,Debt consolidation,789xx,TX,23.58,0,May-04,0,31,,8,0,2864,44.10%,16,f,0,0,14325.48,14325.48,13000,1325.48,0,0,0,Jan-16,9577.96,,Feb-20,0,31,1,Individual,,,,0,0,89387,,,,,,,,,,,,6500,,,,6,11173,1373,51,0,0,127,117,8,7,2,24,,8,,1,2,4,3,4,8,5,6,4,8,0,0,0,2,93.7,33.3,0,0,99617,39203,2800,42141
,,4800,4800,4800, 36 months,13.66%,163.27,C,C3,Shop Manager ,2 years,MORTGAGE,52080,Not Verified,Dec-14,Fully Paid,n,,,debt_consolidation,Debt consolidation,871xx,NM,7.47,0,Jun-09,1,24,,5,0,2900,58%,8,f,0,0,4967.97,4967.97,4800,167.97,0,0,0,Apr-15,4621.89,,Nov-20,0,,1,Individual,,,,0,0,166080,,,,,,,,,,,,5000,,,,3,33216,100,96.7,0,0,53,66,3,3,1,49,24,0,24,0,2,2,2,3,2,3,5,2,5,0,0,0,2,75,100,0,0,179740,8070,3000,15240
,,15000,15000,15000, 36 months,6.99%,463.09,A,A3,Associate,5 years,MORTGAGE,108150,Not Verified,Dec-14,Fully Paid,n,,,debt_consolidation,Debt consolidation,064xx,CT,25.61,0,Apr-94,0,,,13,0,70293,75%,23,w,0,0,16684.50894,16684.51,15000,1684.51,0,0,0,Jan-18,463.01,,Nov-21,0,,1,Individual,,,,0,0,341907,,,,,,,,,,,,93700,,,,2,26301,21286,76.7,0,0,127,248,17,17,2,61,,9,,0,6,7,7,12,5,8,15,7,13,0,0,0,0,100,57.1,0,0,444000,97323,91400,70035
,,3000,3000,3000, 36 months,14.31%,102.99,C,C4,,n/a,MORTGAGE,133000,Verified,Dec-14,Fully Paid,n,,,other,Other,922xx,CA,14.13,0,Sep-85,3,26,,10,0,25133,81.30%,32,f,0,0,3677.384701,3677.38,3000,677.38,0,0,0,Jul-17,604.01,,Mar-21,0,26,1,Individual,,,,0,0,443857,,,,,,,,,,,,30900,,,,5,44386,2737,89.4,0,0,141,351,4,4,3,5,,4,27,0,3,5,4,8,6,6,23,5,10,0,0,0,4,81.2,50,0,0,514261,41186,25700,31361
,,28000,28000,28000, 36 months,17.86%,1010.31,D,D5,occupational therapist,5 years,RENT,99789,Source Verified,Dec-14,Fully Paid,n,,,debt_consolidation,Debt consolidation,907xx,CA,19.69,1,Jul-07,2,6,,14,0,3011,8.70%,20,f,0,0,36329.0983,36329.1,28000,8329.1,0,0,0,Jan-18,1009.92,,Sep-21,0,,1,Individual,,,,0,0,22027,,,,,,,,,,,,34800,,,,6,1694,28189,9.7,0,0,27,89,1,1,0,1,,1,6,0,2,2,7,7,6,11,14,2,14,0,0,0,3,95,0,0,0,81527,22027,31200,46727
